user_id,date,time,mood,activity,recommendation
1,01-12-2023,09:00,happy,Jogging in the park,"Enjoy the fresh air, embrace nature's peace."
1,02-12-2023,10:30,stressed,Meeting at work,"Take a break, breathe deeply, and refocus."
2,01-12-2023,18:00,sad,Lost a game,"Reflect, learn from it, and stay positive."
2,03-12-2023,20:00,happy,Dinner with friends,"Enjoy the conversation, savor every moment together."
3,04-12-2023,07:30,happy,Having breakfast with family,"Cherish the time, share laughter and warmth."
3,05-12-2023,12:45,anxious,Preparing for a presentation,"Take deep breaths, visualize success, stay confident."
4,06-12-2023,15:00,sad,Reading a heartfelt story,"Embrace the emotions, allow yourself to feel."
4,07-12-2023,19:00,happy,Watching a sunset,"Relax, reflect, and enjoy the beauty of nature."
5,08-12-2023,08:00,stressed,Caught in traffic,"Listen to calming music, breathe deeply, stay calm."
5,09-12-2023,13:00,happy,Picnic with friends,"Enjoy the sunshine, share laughter, and good food."
6,10-12-2023,18:30,angry,Missed an important event,"Take a moment to cool down, plan ahead."
6,11-12-2023,10:00,joy,Received a promotion,"Celebrate your success, reflect on your hard work."
7,12-12-2023,21:00,sad,Watched a sad movie,"Process your feelings, be kind to yourself."
7,13-12-2023,16:30,happy,Gardening,"Connect with nature, appreciate the beauty around you."
8,14-12-2023,14:00,anxious,Waiting for medical results,"Distract yourself with a calming activity, breathe easy."
8,15-12-2023,09:45,happy,Shopping for the holidays,"Enjoy the festive mood, find joy in giving."
9,16-12-2023,11:00,stressed,Dealing with deadlines,"Break tasks into steps, focus on one thing."
9,17-12-2023,17:15,happy,Playing with a pet,"Enjoy the playful moments, bond with your pet."
10,18-12-2023,20:30,sad,Missing a loved one,"Reflect on cherished memories, stay connected with them."
10,19-12-2023,08:30,joy,Attending a concert,"Dance and sing along, embrace the music's energy."
11,20-12-2023,14:30,happy,Exploring a new hobby,"Dive in, learn new things, and enjoy the process."
11,21-12-2023,10:15,angry,Had an argument with a friend,"Take a break, later discuss calmly and openly."
12,22-12-2023,18:00,sad,Remembering an old friend,"Celebrate the memories, honor your friendship's impact."
12,23-12-2023,07:00,happy,Watching the sunrise,"Embrace the peace, start the day with gratitude."
13,24-12-2023,09:30,stressed,Preparing for a family gathering,"Plan ahead, delegate tasks, enjoy family time."
13,25-12-2023,11:45,joy,Opening holiday gifts,"Cherish the thoughtfulness, enjoy the festive spirit."
14,26-12-2023,13:30,happy,Cooking a new recipe,"Experiment, enjoy the process, and share with loved ones."
14,27-12-2023,19:15,anxious,Traveling to a new city,"Take it step by step, explore with curiosity."
15,28-12-2023,15:00,angry,Losing important documents,"Stay calm, retrace steps, and search systematically."
15,29-12-2023,09:00,happy,Volunteering at a shelter,"Give back, enjoy the positive impact you're making"
16,30-12-2023,14:00,sad,Feeling homesick,"Reach out to loved ones, embrace comforting memories."
16,31-12-2023,23:59,joy,Welcoming the new year,"Set positive intentions, embrace new beginnings."
17,01-01-2024,08:00,happy,Going for a morning run,"Enjoy the fresh air, feel your energy rise."
17,02-01-2024,12:30,stressed,Workload piling up,"Prioritize tasks, take breaks, stay organized."
18,03-01-2024,18:45,anxious,Waiting for an interview,"Prepare well, breathe deeply, trust your abilities."
18,04-01-2024,20:00,joy,Celebrating a friend’s success,"Celebrate together, share in their happiness."
19,05-01-2024,10:15,sad,Dealing with rejection,"Reflect, learn, and know better opportunities await."
19,06-01-2024,16:00,happy,Learning a new skill,"Stay curious, keep practicing, and enjoy progress"
20,07-01-2024,21:30,angry,Computer crash while working,"Take a breather, save work regularly, stay patient."
20,08-01-2024,07:45,happy,Enjoying a quiet morning,Relax and savor the calmness of the moment.
21,09-01-2024,12:15,stressed,Balancing work and family life,"Set boundaries, ask for help, and prioritize self-care"
21,10-01-2024,19:30,joy,Winning a small lottery prize,"Celebrate the win, enjoy the unexpected joy."
22,11-01-2024,13:00,happy,Exploring a nature trail,"Take your time, enjoy the peaceful surroundings."
22,12-01-2024,09:30,sad,Missing a planned trip,"Plan a future adventure, stay positive and hopeful."
23,13-01-2024,14:00,anxious,Awaiting exam results,"Stay calm, trust your preparation, and relax."
23,14-01-2024,20:15,happy,Spending time with grandchildren,"Cherish the moments, enjoy their laughter and joy"
24,15-01-2024,08:45,joy,Decorating the house,Nice to see your attractive house.
24,16-01-2024,11:30,angry,Arguments with coworkers,"Take a break, reflect, and approach with calmness."
25,17-01-2024,15:45,happy,Feeling motivated,"Start small, take one step, regain your momentum"
25,18-01-2024,07:15,happy,Meditating,"Focus on your breath, calm your thoughts, relax."
26,19-01-2024,10:00,joy,Preparing for an exam,"Stay organized, believe in your preparation, stay calm."
26,20-01-2024,19:00,happy,Playing board games with family,"Have fun, enjoy the company, and create memories"
27,21-01-2024,08:30,stressed,Working on a personal project,"Keep pushing forward, progress is made step by step."
27,22-01-2024,12:45,sad,Losing a sentimental item,"Stay calm, search systematically, and take a deep breath."
28,23-01-2024,18:15,anxious,Waiting for a performance review,"Stay confident, trust your efforts and progress."
28,24-01-2024,20:00,happy,Spending time at the beach,"Let go of frustration, enjoy the calming waves."
29,25-01-2024,11:00,sad,Receiving unfair feedback,"Stay grounded, reflect on what’s helpful, move forward."
29,26-01-2024,16:00,joy,Baking cookies,"Breathe in the sweet scents, enjoy the process."
30,27-01-2024,14:30,sad,Missing an old friend’s call,"Reach out when you can, rekindle the connection."
30,28-01-2024,08:00,happy,Getting recognized at work,"Celebrate your achievements, acknowledge your hard work."
31,29-01-2024,09:00,happy,Writing a journal,"Reflect, express freely, enjoy the clarity it brings."
31,30-01-2024,18:45,stressed,Organizing a big event,"Delegate tasks, take breaks, stay organized."
32,31-01-2024,08:30,anxious,Waiting for travel confirmation,"Stay calm, prepare as much as you can."
33,01-02-2024,10:15,happy,Enjoying a morning coffee,"Savor the warmth, start your day with peace."
33,02-02-2024,18:30,anxious,Preparing for a big meeting,"Prepare well, visualize success, stay confident."
34,03-02-2024,09:00,joy,Going for a bike ride,"Feel the wind, enjoy the freedom and movement."
34,04-02-2024,13:45,sad,Feeling distant from friends,"Reach out, share your feelings, reconnect slowly."
35,05-02-2024,16:00,happy,Reading a favorite book,"Immerse yourself in the story, let it inspire you."
35,06-02-2024,20:00,stressed,Struggling with homework,"Break it into parts, take short breaks, stay focused."
36,07-02-2024,07:30,joy,Playing with children,"Enjoy their energy, cherish the carefree moments."
36,08-02-2024,14:15,sad,Mourning a pet’s loss,"Give yourself time to grieve, cherish their memories."
37,09-02-2024,19:45,happy,Attending a theater play,"Enjoy the performance, immerse yourself in the story."
37,10-02-2024,09:30,anxious,First day at a new job,"Stay calm, be yourself, take it one step at a time."
38,11-02-2024,10:00,happy,Visiting an art gallery,"Appreciate the beauty, reflect on each piece's meaning."
38,12-02-2024,20:30,stressed,Juggling multiple tasks,"Prioritize, focus on one task at a time."
39,13-02-2024,11:45,angry,Dealing with rude service,"Stay calm, express concerns respectfully, let it go."
39,14-02-2024,08:30,joy,Planning a surprise for a friend,"Enjoy the process, focus on the joy it brings."
40,15-02-2024,12:15,happy,Learning a musical instrument,"Practice regularly, enjoy the progress, embrace the learning."
40,16-02-2024,16:45,sad,Missing a family member,"Stay connected, cherish the memories, reach out often."
41,17-02-2024,08:00,joy,Practicing yoga,"Focus on your breath, find peace in every pose."
41,18-02-2024,13:30,anxious,Waiting for test results,"Distract yourself with calming activities, stay hopeful."
42,19-02-2024,17:15,happy,Shopping at a farmers' market,"Explore the fresh produce, enjoy the vibrant atmosphere."
42,20-02-2024,09:00,stressed,Feeling overwhelmed at work,"Take a break, breathe deeply, tackle tasks in steps."
43,21-02-2024,19:30,joy,Celebrating an anniversary,"Celebrate love, enjoy the special connection you share."
43,22-02-2024,10:45,happy,Helping a neighbor,"Give with kindness, enjoy the sense of community."
44,23-02-2024,15:00,sad,Feeling left out of a group,"Reach out, share your feelings, and rebuild connections."
44,24-02-2024,11:00,joy,Watching a comedy show,"Laugh freely, enjoy the humor and lightness."
45,25-02-2024,20:15,happy,Experimenting with painting,"Let your creativity flow, enjoy each brushstroke."
45,26-02-2024,18:30,angry,Receiving negative feedback unfairly,"stay calm, reflect on what’s constructive, move forward."
46,27-02-2024,09:15,joy,Spending time in a park,"Relax, connect with nature, and enjoy the surroundings."
46,28-02-2024,14:00,stressed,Trying to meet a deadline,"Break tasks into smaller steps, stay focused, and breathe."
47,01-03-2024,07:30,joy,Going for a swim,"Feel the water, relax, and enjoy the refreshing exercise."
47,02-03-2024,16:00,anxious,Awaiting college acceptance letters,"Stay hopeful, focus on things you can control."
48,03-03-2024,09:00,happy,Volunteering at a community event,"Give back, enjoy making a difference in others' lives."
48,04-03-2024,12:45,sad,Misunderstood by someone close,"Communicate openly, express your feelings, seek understanding."
49,05-03-2024,18:30,joy,Winning a sports match,"Celebrate your victory, enjoy the triumph and teamwork."
49,06-03-2024,10:00,happy,Catching up with an old friend,"Cherish the moments, rekindle the bond and laughter."
50,07-03-2024,14:15,stressed,Preparing for a competition,"Stay focused, break down tasks, and take deep breaths."
50,08-03-2024,20:45,happy,Watching a fireworks show,"Admire the beauty, let the colors brighten your spirit."
51,09-03-2024,08:30,joy,Feeding birds at the park,"Enjoy the peaceful moment, connect with nature's creatures."
51,10-03-2024,15:00,anxious,Waiting for a travel visa,"Stay patient, prepare as much as you can, and relax."
52,11-03-2024,19:45,happy,Having a dinner date,"Enjoy the conversation, savor the food, and cherish the moment."
52,12-03-2024,09:00,sad,Struggling with loneliness,"Reach out to someone, focus on self-care, stay connected."
53,13-03-2024,13:00,joy,Hosting a game night,"Have fun, enjoy the laughter, and create lasting memories."
53,14-03-2024,11:30,stressed,Cramming for an exam,"Take breaks, stay organized, and trust your preparation."
54,15-03-2024,08:00,happy,Exploring a new city,"Embrace the adventure, take in the sights, and explore."
54,16-03-2024,17:30,sad,Recalling a bad memory,"Acknowledge your feelings, reflect, and focus on the present."
55,17-03-2024,14:45,joy,Watching kids play at a playground,"Enjoy the carefree joy, let their energy lift you."
55,18-03-2024,10:15,anxious,Attending a job interview,"Prepare well, stay calm, and show your true self."
56,19-03-2024,12:30,happy,Cooking for family,"Enjoy the process, share love through food and togetherness."
56,20-03-2024,08:30,stressed,Clearing up a misunderstanding,"Stay calm, communicate openly, and resolve with empathy."
57,21-03-2024,16:00,joy,Planting flowers in the garden,"Nurture the plants, enjoy the beauty of growth"
57,22-03-2024,14:30,happy,Visiting a historical site,"Explore the past, learn something new, and reflect."
58,23-03-2024,11:00,sad,Feeling excluded from plans,"Reach out, express your feelings, and reconnect."
58,24-03-2024,09:15,joy,Playing a musical duet,"Harmonize together, enjoy the music and collaboration."
59,25-03-2024,19:30,stressed,Helping kids with homework,"Stay patient, offer guidance, and celebrate small wins."
59,26-03-2024,08:00,happy,Having a beach picnic,"Enjoy the sun, the sand, and the company of loved ones."
60,27-03-2024,12:00,anxious,Waiting for a loan approval,"Stay positive, focus on what you can control."
60,28-03-2024,18:15,joy,Winning a raffle prize,"Celebrate your luck, enjoy the prize, and share the joy."
61,29-03-2024,10:00,happy,Enjoying a hot drink on a chilly morning,"Savor the warmth, embrace the cozy moments."
61,30-03-2024,16:30,stressed,Working on a big project,"Break it down, stay focused, and take one step at a time."
62,31-03-2024,09:45,happy,Reading a new book,"Dive into the story, let the words transport you."
62,01-04-2024,14:00,anxious,Waiting for a job offer,"Stay positive, trust the process, and breathe."
63,02-04-2024,11:30,happy,Spending time with family,"Cherish the moments, enjoy the love and connection."
63,03-04-2024,20:00,sad,Feeling disconnected from friends,"Reach out, share your feelings, and reconnect slowly."
64,04-04-2024,08:30,joy,Going for a morning jog,"Feel the fresh air, energize your body and mind."
64,05-04-2024,18:45,angry,Dealing with a broken phone,"Stay calm, take a break, and seek a solution."
65,06-04-2024,12:00,happy,Visiting a new restaurant,"Enjoy the flavors, savor each bite and moment."
65,07-04-2024,14:15,sad,Feeling homesick,"Reach out to loved ones, embrace comforting memories."
66,08-04-2024,09:30,joy,Watching a sunrise,"Admire the beauty, start your day with peace."
66,09-04-2024,16:00,stressed,Managing work and personal life,"Set boundaries, delegate, and prioritize self-care."
67,10-04-2024,07:45,joy,Practicing mindfulness,"Focus on the present moment, let go of distractions."
67,11-04-2024,19:00,sad,Losing touch with an old friend,"Reach out, rekindle the friendship with understanding."
68,12-04-2024,13:30,anxious,Waiting for medical test results,"Stay calm, distract yourself with activities, and breathe."
68,13-04-2024,15:45,happy,Spending the day at the zoo,"Enjoy the animals, embrace the fun and wonder."
69,14-04-2024,10:30,joy,Running a marathon,"Push through, enjoy the journey, and celebrate your endurance."
69,15-04-2024,14:00,stressed,Trying to meet a deadline,"Break tasks into smaller steps, stay focused, breathe."
70,16-04-2024,09:00,happy,Having a quiet breakfast,"Savor the peace, enjoy the calm start to your day."
70,17-04-2024,20:15,sad,Dealing with a breakup,"Take time to heal, lean on loved ones, and reflect."
71,18-04-2024,08:30,joy,Planning a vacation,"Look forward to the adventure, make exciting plans."
71,19-04-2024,18:00,stressed,Handling a difficult conversation,"Stay calm, listen actively, and approach with empathy."
72,20-04-2024,12:00,anxious,Preparing for a public speech,"Practice, breathe deeply, visualize success, and stay confident."
72,21-04-2024,09:15,happy,Walking in the park,"Enjoy the scenery, feel the serenity, embrace the moment."
73,22-04-2024,19:30,sad,Missing a family gathering,"Reach out to family, plan a future get-together."
73,23-04-2024,13:00,joy,Enjoying a day by the beach,"Relax in the sun, feel the breeze, and unwind."
74,24-04-2024,10:30,happy,Spending time with pets,"Cherish the unconditional love, enjoy their companionship."
74,25-04-2024,16:00,anxious,Waiting for exam results,"Distract yourself, stay calm, and trust your effort."
75,26-04-2024,12:45,stressed,Trying to fix something at home,"Stay patient, break the task into smaller steps."
75,27-04-2024,08:30,happy,Enjoying a cup of tea,"Savor the warmth, take a peaceful moment for yourself."
76,28-04-2024,19:45,joy,Spending time at a spa,"Relax, unwind, and enjoy the soothing atmosphere."
76,29-04-2024,11:00,sad,Dealing with a personal loss,"Take time to grieve, lean on others for support."
77,30-04-2024,09:00,joy,Walking through a botanical garden,"Admire the beauty, connect with nature, breathe deeply."
77,01-05-2024,14:30,stressed,Managing a tough workload,"Admire the beauty, connect with nature, breathe deeply."
78,02-05-2024,07:00,anxious,Preparing for a job interview,"Prepare thoroughly, stay calm, and trust your abilities."
78,03-05-2024,12:45,happy,Visiting an amusement park,"Enjoy the thrills, embrace the fun and excitement."
79,04-05-2024,13:00,sad,Feeling unmotivated,"Start with small tasks, take breaks, and be kind to yourself."
79,05-05-2024,18:15,joy,Spending time at a festival,"Immerse yourself in the celebrations, enjoy the vibe."
80,06-05-2024,09:45,happy,Cooking a new dish in the kitchen,"Have fun experimenting, savor the flavors you create."
80,07-05-2024,14:00,stressed,Handling a family disagreement,"Listen actively, remain calm, and seek understanding."
81,08-05-2024,10:30,anxious,Waiting for feedback on a project,"Stay patient, focus on what you can control."
81,09-05-2024,19:00,happy,Watching a favorite movie,"Relax, enjoy the nostalgia, and embrace the storyline."
82,10-05-2024,16:30,sad,Feeling overwhelmed with responsibilities,"Delegate tasks, take breaks, and focus on self-care."
82,11-05-2024,08:00,joy,Having a peaceful morning walk,"Breathe deeply, enjoy the quiet, and clear your mind."
83,12-05-2024,11:00,stressed,Trying to balance work and personal time,"Set boundaries, prioritize, and focus on balance."
83,13-05-2024,15:00,happy,Going for a hike,"Enjoy the journey, embrace nature, and breathe freely."
84,14-05-2024,18:30,anxious,Preparing for an important presentation,"Practice, visualize success, and stay confident."
84,15-05-2024,07:00,happy,Having breakfast with loved ones,"Enjoy the togetherness, savor each moment of connection."
85,16-05-2024,14:15,joy,Spending time at a farmer’s market,"Explore the fresh produce, enjoy the vibrant atmosphere."
85,17-05-2024,12:30,sad,Mourning the end of a chapter,"Reflect, honor the memories, and look ahead to new beginnings."
86,18-05-2024,09:30,happy,Visiting a museum,"Immerse yourself in history and art, expand your perspective."
86,19-05-2024,20:00,stressed,Dealing with a busy schedule,"Prioritize, plan breaks, and stay focused on one task."
87,20-05-2024,13:00,joy,Spending the day on a boat,"Relax, enjoy the water, and let the peaceful surroundings soothe you."
87,21-05-2024,19:30,happy,Hosting a dinner party,"Enjoy the company, create lasting memories, and share the joy."
88,22-05-2024,10:00,sad,Feeling down without a reason,"Acknowledge your feelings, take small steps toward comfort."
88,23-05-2024,12:45,joy,Having a picnic in the park,"Enjoy the fresh air, savor good food, and relax."
89,24-05-2024,09:30,anxious,Waiting for approval on a proposal,"Stay positive, focus on what you can control, breathe."
89,25-05-2024,16:00,happy,Playing a board game with friends,"Enjoy the friendly competition, embrace the fun moments."
90,26-05-2024,08:30,joy,Walking through a forest,"Immerse yourself in nature, breathe deeply, and unwind."
90,27-05-2024,14:15,stressed,Preparing for a big event,"Stay organized, break tasks into steps, and breathe."
91,28-05-2024,11:45,happy,Visiting a new city,"Explore the sights, enjoy the adventure, and make memories."
91,29-05-2024,18:30,sad,Dealing with disappointment,"Allow yourself to feel, reflect, and look for new opportunities."
92,30-05-2024,07:00,happy,Enjoying a quiet morning,"Savor the peace, take time for yourself, and relax."
92,01-06-2024,13:00,joy,Spending time with family at home,"Cherish the moments, enjoy the connection and love."
93,02-06-2024,10:30,stressed,Managing conflicting priorities,"Prioritize tasks, delegate when possible, and stay calm."
93,03-06-2024,15:45,happy,Attending a community event,"Engage with others, enjoy the sense of togetherness."
94,04-06-2024,08:30,joy,Spending time at the gym,"Push your limits, feel empowered, and enjoy the workout."
94,05-06-2024,16:00,anxious,Waiting for an important call,"Distract yourself with small tasks, stay calm, and breathe."
95,06-06-2024,14:30,happy,Spending time outdoors,"Embrace nature, breathe fresh air, and enjoy the moment."
95,07-06-2024,11:00,sad,Feeling overwhelmed with responsibilities,"Take a break, reassess priorities, and focus on one thing."
96,08-06-2024,13:15,joy,Having a relaxing afternoon,"Unwind, enjoy some quiet time, and recharge."
96,09-06-2024,09:45,angry,Dealing with a frustrating situation,"Take a step back, breathe deeply, and stay calm."
97,10-06-2024,20:00,happy,Watching a sports game,"Enjoy the excitement, cheer on your team, and have fun."
97,11-06-2024,16:30,stressed,Managing a tight deadline,"Break it down, stay focused, and keep moving forward."
98,12-06-2024,08:15,joy,Exploring a new hobby,"Dive in, embrace the learning, and enjoy the creativity."
98,13-06-2024,13:30,happy,Spending time with friends,"Laugh, relax, and make memories with your loved ones."
99,14-06-2024,09:00,sad,Feeling disconnected from others,"Reach out, express your feelings, and nurture connections."
99,15-06-2024,18:45,angry,Dealing with an inconvenient situation,"Take a deep breath, focus on the solution, stay calm."
100,16-06-2024,14:30,happy,Attending a wedding,"Celebrate the love, enjoy the festivities, and embrace the joy."
101,17-06-2024,10:00,joy,Attending a concert,"Immerse yourself in the music, feel the energy, and have fun."
101,18-06-2024,14:30,stressed,Handling a last-minute task,"Stay organized, focus on one thing at a time."
102,19-06-2024,08:00,happy,Making breakfast,"Enjoy the process, savor the flavors, and start your day right."
102,20-06-2024,17:45,sad,Missing a special occasion,"Reflect on happy memories, and find joy in the present."
103,21-06-2024,09:30,anxious,Waiting for a big decision,"Stay calm, focus on what you can control, and breathe."
103,22-06-2024,15:00,joy,Exploring a new city,"Discover new places, embrace the adventure, and enjoy the journey."
104,23-06-2024,12:15,stressed,Managing a hectic work schedule,"Prioritize tasks, take short breaks, and stay organized."
104,24-06-2024,09:00,happy,Having a cup of coffee,"Savor the moment, enjoy the warmth, and relax."
105,25-06-2024,20:30,sad,Dealing with a setback,"Accept the setback, regroup, and take small steps forward."
105,26-06-2024,14:00,joy,Spending time with loved ones,"Cherish the moments, connect deeply, and enjoy each other's company."
106,27-06-2024,11:00,anxious,Preparing for a presentation,"Practice, stay confident, and focus on your message."
106,28-06-2024,16:30,stressed,Handling multiple responsibilities,"Delegate tasks, break it down, and stay focused on priorities."
107,29-06-2024,10:00,happy,Reading a book,"Escape into the story, enjoy the peace, and relax."
107,30-06-2024,18:15,sad,Missing out on plans,Find new activities to enjoy and stay connected with others.
108,01-07-2024,07:30,joy,Starting the day with a run,"Energize yourself, embrace the fresh start, and enjoy the exercise."
108,02-07-2024,19:00,stressed,Dealing with a difficult task,"Break it into steps, stay focused, and stay positive."
109,03-07-2024,12:45,anxious,Waiting for feedback,"Stay patient, focus on the progress you've made, and trust yourself."
109,04-07-2024,14:00,happy,Spending the day at the beach,"Relax, enjoy the sun, and immerse yourself in the waves."
110,05-07-2024,08:00,joy,Enjoying a peaceful morning,"Savor the calm, set intentions for the day, and relax."
110,06-07-2024,16:30,sad,Feeling overwhelmed by commitments,"Reassess priorities, delegate tasks, and take time to recharge."
111,07-07-2024,10:00,stressed,Having a picnic in the park,"Relax in nature, enjoy good food, and let go of stress."
111,08-07-2024,17:00,joy,Managing conflicting priorities,"Prioritize with purpose, stay flexible, and take breaks."
112,09-07-2024,09:30,happy,Enjoying a cup of tea,"Sip slowly, appreciate the warmth, and unwind."
112,10-07-2024,14:15,anxious,Preparing for a major change,"Embrace the change, stay open to new possibilities, and trust yourself."
113,11-07-2024,08:45,happy,Spending time in nature,"Breathe deeply, appreciate the beauty, and feel grounded."
113,12-07-2024,18:30,sad,Dealing with uncertainty,"Take things one step at a time, trust the process."
114,13-07-2024,10:00,joy,Going for a hike,"Embrace the adventure, enjoy the view, and stay active."
114,14-07-2024,14:00,stressed,Working on a tight deadline,"Focus on one task, break it down, stay calm."
115,15-07-2024,09:30,happy,Enjoying a quiet moment,"Savor the peace, take a deep breath, relax."
115,16-07-2024,20:00,sad,Feeling disconnected,"Reach out to others, take time for self-care."
116,17-07-2024,13:30,joy,Spending the day at a theme park,"Enjoy the excitement, embrace the fun, and relax."
116,18-07-2024,11:45,stressed,Dealing with a demanding task,"Prioritize, take small breaks, and stay organized."
117,19-07-2024,07:30,happy,Practicing yoga,"Breathe deeply, relax your body, and center your mind."
117,20-07-2024,19:30,sad,Dealing with loneliness,"Reach out for connection, nurture your own well-being."
118,21-07-2024,10:00,joy,Visiting a friend,"Enjoy the company, laugh, and make new memories together."
118,22-07-2024,14:00,anxious,Waiting for a decision,"Stay calm, trust the process, and focus on what you can control."
119,23-07-2024,09:30,stressed,Managing multiple deadlines,"Break tasks into manageable steps, prioritize, and take breaks."
119,24-07-2024,15:00,happy,Having a productive day,"Celebrate your progress, enjoy the sense of accomplishment."
120,25-07-2024,12:30,joy,Spending time in the garden,"Connect with nature, enjoy the calm, and breathe deeply."
120,26-07-2024,08:45,stressed,Handling a work crisis,"Stay calm, focus on the solution, and ask for help if needed."
121,27-07-2024,16:00,happy,Visiting a farmer’s market,"Enjoy the fresh produce, savor the colors and flavors."
121,28-07-2024,13:30,sad,Feeling overwhelmed by responsibilities,"Delegate tasks, take breaks, and focus on self-care."
122,29-07-2024,09:15,joy,Enjoying the sunrise,"Embrace the beauty, breathe deeply, and set intentions for the day."
122,30-07-2024,19:45,stressed,Trying to solve a difficult problem,"Break it down, approach it step by step, stay patient."
123,31-07-2024,10:00,happy,Visiting a museum,"Enjoy the exhibits, embrace the learning, and take in the culture."
123,01-08-2024,08:30,anxious,Preparing for a job interview,"Practice, visualize success, and stay confident in your abilities."
124,02-08-2024,13:00,joy,Spending time with family at home,"Cherish the moments, connect deeply, and enjoy the comfort of home."
124,03-08-2024,18:00,sad,Dealing with a missed opportunity,"Reflect, learn from it, and prepare for new chances."
125,04-08-2024,14:15,stressed,Handling a complex task,"Break it down into smaller steps, stay focused and organized."
125,05-08-2024,07:30,happy,Enjoying a cup of coffee,"Savor the warmth, relax, and enjoy the moment."
126,06-08-2024,16:30,joy,Exploring a new hobby,"Dive in, be creative, and enjoy the learning process."
126,07-08-2024,11:00,sad,Feeling unmotivated,"Start small, set achievable goals, and be kind to yourself."
127,08-08-2024,09:00,happy,Spending time outdoors,"Enjoy the fresh air, connect with nature, and relax."
127,09-08-2024,14:30,stressed,Trying to manage a busy day,"Prioritize tasks, take breaks, and stay focused."
128,10-08-2024,07:45,joy,Having a peaceful morning walk,"Breathe deeply, enjoy the calm, and embrace the moment."
128,11-08-2024,20:00,anxious,Waiting for a response from a client,"Stay patient, keep busy with other tasks, and trust the outcome."
129,12-08-2024,13:15,happy,Spending the day at a park,"Enjoy the sunshine, relax, and soak in the nature around you."
129,13-08-2024,09:00,stressed,Managing work and personal life,"Set boundaries, delegate when possible, and take time for yourself."
130,14-08-2024,10:30,happy,Reading a new book,"Escape into the story, relax, and enjoy the quiet moments."
130,15-08-2024,18:00,sad,Dealing with a difficult breakup,"Give yourself time to heal, focus on self-care, and lean on support."
131,16-08-2024,07:30,joy,Enjoying a morning yoga session,"Focus on your breath, center your mind, and stretch your body."
131,17-08-2024,14:00,stressed,Handling a major project,"Break it into smaller tasks, prioritize, and stay organized."
132,18-08-2024,11:00,happy,Spending time with friends,"Laugh, relax, and create new memories together."
132,19-08-2024,15:30,anxious,Preparing for a big meeting,"Prepare thoroughly, stay confident, and trust your abilities."
133,20-08-2024,09:00,joy,Having a quiet morning,"Savor the calm, set intentions for the day, and relax."
133,21-08-2024,16:00,stressed,Managing a big workload,"Prioritize tasks, delegate where you can, and take breaks."
134,22-08-2024,14:00,happy,Going to a movie night,"Enjoy the entertainment, relax, and have fun with friends."
134,23-08-2024,13:00,sad,Feeling left out,"Reach out to others, share your feelings, and connect."
135,24-08-2024,11:30,joy,Spending time in the garden,"Relax, nurture the plants, and enjoy the peace of nature."
135,25-08-2024,08:00,happy,Having a cup of tea,"Sip slowly, unwind, and appreciate the moment."
136,26-08-2024,20:00,stressed,Dealing with tight deadlines,"Break it down into steps, stay focused, and keep moving forward."
136,27-08-2024,09:45,joy,Enjoying a sunny afternoon,"Soak up the sunshine, relax, and embrace the warmth."
137,28-08-2024,16:00,happy,Attending a family gathering,"Enjoy the connections, cherish the moments, and celebrate together."
137,29-08-2024,18:30,sad,Feeling disconnected from friends,"Reach out, share your thoughts, and strengthen your bonds."
138,30-08-2024,10:00,happy,Going on a road trip,"Embrace the adventure, enjoy the journey, and explore new places."
138,31-08-2024,13:15,anxious,Waiting for an exam result,"Distract yourself with other activities, stay positive, and trust in your efforts."
139,01-09-2024,14:00,joy,Spending time at a beach,"Relax by the water, enjoy the sound of the waves, and feel at peace."
139,02-09-2024,09:30,stressed,Managing multiple projects,"Prioritize, stay organized, and tackle one task at a time."
140,03-09-2024,07:00,happy,Enjoying a quiet morning,"Savor the calm, reflect on the day ahead, and relax."
